@CO	shape:(6,)
@CO	dtype:float64
VALUE_0
0.906926187802058
-0.6253274230230768
0.10892245634377339
-0.5612088874420305
0.8007297676236805
-0.6993948016172156
