@CO	shape:(6,)
@CO	dtype:float64
VALUE_0
0.01878344598107697
0.017399238196200408
0.01813213867176769
0.0177631265992209
0.01736447584249515
0.017572615491951604
